target_account,video_id,real_video_url,create_time,publish_date,video_text,author_name,play_count,hearts_count
pvdabelgie,7655671395308817697,https://www.tiktok.com/@pvdabelgie/video/7655671395308817697,1782474903,2026-06-26 04:55:03,"Geen geld ? Daar klopt toch iets niet aan ? Check de link in bio om te zien wat Benjamin Pestiau, onze adjunct-algemeen-secretaris, erover te zeggen heeft. #belgië #werkendeklasse #arizonaregering #socialestrijd",pvdabelgie,15157,580
pvdabelgie,7644900436708838689,https://www.tiktok.com/@pvdabelgie/video/7644900436708838689,1779967094,2026-05-28 04:18:14,"De visie van de Vlaamse regering op onderwijs is hard en duidelijk: kansen moeten afhangen van je bankrekening. Door 20.000 studiebeurzen af te schaffen en de toegang tot hoger onderwijs verder te beperken, treffen ze duizenden jongeren recht in hun toekomst. @Line De Witte",pvdabelgie,2264,73
pvdabelgie,7632227776472386849,https://www.tiktok.com/@pvdabelgie/video/7632227776472386849,1777016516,2026-04-24 00:41:56,Minister van oorlog Theo Francken zaait angst om meer militair materiaal te kunnen kopen ten koste van onze pensioenen.@Peter Mertens,pvdabelgie,14306,828
pvdabelgie,7616397860988292385,https://www.tiktok.com/@pvdabelgie/video/7616397860988292385,1773330823,2026-03-12 08:53:43,👊 Stop de pensioendiefstal en de indexdiefstal. ✋ Handen af van onze koopkracht. 👎 Wij betalen niet de prijs voor jullie oorlogen. ❌ Hou ze tegen.,pvdabelgie,1971,88
pvdabelgie,7603755505638575393,https://www.tiktok.com/@pvdabelgie/video/7603755505638575393,1770387310,2026-02-06 06:15:10,"“Waar onrecht is, is ook verzet, en de collectieve kracht van mensen die samen opstaan.” Ontdek de hoopvolle boodschap die @Peter Mertens, algemeen secretaris van de PVDA, bracht tijdens alle nieuwjaarsrecepties van de PVDA.",pvdabelgie,1413,107
alexander.de.croo1,7390005567084973317,https://www.tiktok.com/@alexander.de.croo1/video/7390005567084973317,1720619758,2024-07-10 06:55:58,,alexander.de.croo1,5984,66
alexander.de.croo1,7384398107074759942,https://www.tiktok.com/@alexander.de.croo1/video/7384398107074759942,1719314168,2024-06-25 04:16:08,"Wenn Sie finanzielle Hilfe benötigen, spende ich gerne 200.000 Euro an Menschen, die es brauchen.   E-Mail: alexanderdecroo190@gmail.com",alexander.de.croo1,1373,54
alexander.de.croo1,7384397728232639750,https://www.tiktok.com/@alexander.de.croo1/video/7384397728232639750,1719314079,2024-06-25 04:14:39,"Wenn Sie finanzielle Hilfe benötigen, spende ich gerne 200.000 Euro an Menschen, die es brauchen.   E-Mail: alexanderdecroo190@gmail.com",alexander.de.croo1,762,22
alexander.de.croo1,7384397322735815942,https://www.tiktok.com/@alexander.de.croo1/video/7384397322735815942,1719313985,2024-06-25 04:13:05,"Wenn Sie finanzielle Hilfe benötigen, spende ich gerne 200.000 Euro an Menschen, die es brauchen.   E-Mail: alexanderdecroo190@gmail.com",alexander.de.croo1,682,17
alexander.de.croo1,7384396643585543430,https://www.tiktok.com/@alexander.de.croo1/video/7384396643585543430,1719313827,2024-06-25 04:10:27,"Wenn Sie finanzielle Hilfe benötigen, spende ich gerne 200.000 Euro an Menschen, die es brauchen.   E-Mail: alexanderdecroo190@gmail.com",alexander.de.croo1,824,30
pvdabelgie,7655671395308817697,https://www.tiktok.com/@pvdabelgie/video/7655671395308817697,1782474903,2026-06-26 04:55:03,"Geen geld ? Daar klopt toch iets niet aan ? Check de link in bio om te zien wat Benjamin Pestiau, onze adjunct-algemeen-secretaris, erover te zeggen heeft. #belgië #werkendeklasse #arizonaregering #socialestrijd",pvdabelgie,15157,580
pvdabelgie,7644900436708838689,https://www.tiktok.com/@pvdabelgie/video/7644900436708838689,1779967094,2026-05-28 04:18:14,"De visie van de Vlaamse regering op onderwijs is hard en duidelijk: kansen moeten afhangen van je bankrekening. Door 20.000 studiebeurzen af te schaffen en de toegang tot hoger onderwijs verder te beperken, treffen ze duizenden jongeren recht in hun toekomst. @Line De Witte",pvdabelgie,2264,73
pvdabelgie,7632227776472386849,https://www.tiktok.com/@pvdabelgie/video/7632227776472386849,1777016516,2026-04-24 00:41:56,Minister van oorlog Theo Francken zaait angst om meer militair materiaal te kunnen kopen ten koste van onze pensioenen.@Peter Mertens,pvdabelgie,14307,828
pvdabelgie,7616397860988292385,https://www.tiktok.com/@pvdabelgie/video/7616397860988292385,1773330823,2026-03-12 08:53:43,👊 Stop de pensioendiefstal en de indexdiefstal. ✋ Handen af van onze koopkracht. 👎 Wij betalen niet de prijs voor jullie oorlogen. ❌ Hou ze tegen.,pvdabelgie,1971,88
pvdabelgie,7603755505638575393,https://www.tiktok.com/@pvdabelgie/video/7603755505638575393,1770387310,2026-02-06 06:15:10,"“Waar onrecht is, is ook verzet, en de collectieve kracht van mensen die samen opstaan.” Ontdek de hoopvolle boodschap die @Peter Mertens, algemeen secretaris van de PVDA, bracht tijdens alle nieuwjaarsrecepties van de PVDA.",pvdabelgie,1413,107
alexander.de.croo1,7390005567084973317,https://www.tiktok.com/@alexander.de.croo1/video/7390005567084973317,1720619758,2024-07-10 06:55:58,,alexander.de.croo1,5984,66
alexander.de.croo1,7384398107074759942,https://www.tiktok.com/@alexander.de.croo1/video/7384398107074759942,1719314168,2024-06-25 04:16:08,"Wenn Sie finanzielle Hilfe benötigen, spende ich gerne 200.000 Euro an Menschen, die es brauchen.   E-Mail: alexanderdecroo190@gmail.com",alexander.de.croo1,1373,54
alexander.de.croo1,7384397728232639750,https://www.tiktok.com/@alexander.de.croo1/video/7384397728232639750,1719314079,2024-06-25 04:14:39,"Wenn Sie finanzielle Hilfe benötigen, spende ich gerne 200.000 Euro an Menschen, die es brauchen.   E-Mail: alexanderdecroo190@gmail.com",alexander.de.croo1,762,22
alexander.de.croo1,7384397322735815942,https://www.tiktok.com/@alexander.de.croo1/video/7384397322735815942,1719313985,2024-06-25 04:13:05,"Wenn Sie finanzielle Hilfe benötigen, spende ich gerne 200.000 Euro an Menschen, die es brauchen.   E-Mail: alexanderdecroo190@gmail.com",alexander.de.croo1,682,17
alexander.de.croo1,7384396643585543430,https://www.tiktok.com/@alexander.de.croo1/video/7384396643585543430,1719313827,2024-06-25 04:10:27,"Wenn Sie finanzielle Hilfe benötigen, spende ich gerne 200.000 Euro an Menschen, die es brauchen.   E-Mail: alexanderdecroo190@gmail.com",alexander.de.croo1,824,30
joachimcoens,7622732328556563744,https://www.tiktok.com/@joachimcoens/video/7622732328556563744,1774805679,2026-03-29 10:34:39,,joachimcoens,26899,353
joachimcoens,7414906065738878241,https://www.tiktok.com/@joachimcoens/video/7414906065738878241,1726417359,2024-09-15 09:22:39,,joachimcoens,11973,145
joachimcoens,7407442944950619424,https://www.tiktok.com/@joachimcoens/video/7407442944950619424,1724679716,2024-08-26 06:41:56,Back on tiktok!,joachimcoens,12865,259
joachimcoens,7377082914372209953,https://www.tiktok.com/@joachimcoens/video/7377082914372209953,1717610979,2024-06-05 11:09:39,"Die avond in Brussel, jasje uit de kast #fy #fyp",joachimcoens,14866,252
joachimcoens,7376743803853524256,https://www.tiktok.com/@joachimcoens/video/7376743803853524256,1717532019,2024-06-04 13:13:39,Wanneer je dochter zich vragen stelt #fy #fyp,joachimcoens,38653,944
nathaliedewulf2,7662118955271671072,https://www.tiktok.com/@nathaliedewulf2/video/7662118955271671072,1783976091,2026-07-13 13:54:51,"🎙️ Natje zegt het zoals het is... 💬 Eerst keuren ze de uitbreiding van de flexi-jobs goed om personeel te vinden in knelpuntberoepen... 👷‍♀️🏥🛒 En nu zeggen ze dat het systeem aan het ontsporen is? Als er misbruik is, pak dan de misbruiken aan. ✔️ Maar straf niet de mensen die na een voltijdse job nog extra willen werken om hun rekeningen te betalen.  Ja, de overheid heeft geld nodig. Maar werken mag geen probleem worden. Wat denken jullie? Ben jij voor een hervorming of moeten flexi-jobs blijven zoals ze zijn? 👇 Laat het weten in de reacties! #NatjeZegtHetZoalsHetIs #VanuitDeBasis #VoorHetVolk #FlexiJobs #WerkenMoetLonen",nathaliedewulf2,6398,54
nathaliedewulf2,7660996212807453984,https://www.tiktok.com/@nathaliedewulf2/video/7660996212807453984,1783714682,2026-07-10 13:18:02,"Als uit het onderzoek blijkt dat er jarenlang onterecht geld bij burgers is geïnd, dan gaat het niet meer over een administratieve vergissing. Dan gaat het over politiek falen en moet daar ook politieke verantwoordelijkheid voor worden genomen. Wie van burgers verwacht dat zij de wet naleven, moet dat zelf ook doen. En als zou blijken dat dit onder zijn politieke verantwoordelijkheid is gebeurd, dan vind ik dat aftreden geen taboe mag zijn. Vertrouwen in de politiek bouw je niet met excuses, maar met verantwoordelijkheid. Wat vinden jullie? 👉 Moet een politicus aftreden als uit een onderzoek blijkt dat burgers jarenlang onterecht hebben betaald onder zijn of haar politieke verantwoordelijkheid? Of volstaan excuses en een eventuele terugbetaling? 🤔 👇 Ik ben benieuwd naar jullie mening.  #NatjeZegtHetZoalsHetIs #VanuitDeBasis #VoorHetVolk",nathaliedewulf2,14939,147
nathaliedewulf2,7660993094598348064,https://www.tiktok.com/@nathaliedewulf2/video/7660993094598348064,1783713957,2026-07-10 13:05:57,"🎙️ Natje zegt het zoals het is... 💬 Vlaanderen wil de federale overheid financieel helpen... maar dan willen ze eindelijk ook de bevoegdheden én de fiscale autonomie. Klinkt mooi. Maar hoeveel keer hebben we dat al gehoord? 🤔 Eerst jarenlang geld rondpompen, bevoegdheden door elkaar halen en naar elkaar wijzen... en nu plots beseffen dat het systeem niet meer werkt. En die fameuze ""vette vis""? 🐟  Hopelijk is het deze keer geen goudvis met een groot verhaal. Wat mij betreft is het simpel: wie het geld uitgeeft, moet er ook verantwoordelijkheid voor dragen. Dan weet de burger eindelijk wie hij moet aanspreken als er weer iets fout loopt. Of krijgen we opnieuw veel speeches, veel beloftes... en uiteindelijk weer een typisch Belgisch compromis waar niemand écht beter van wordt? 😉 👇 Wat denken jullie? Fijne Vlaamse Feestdag! 💕 #NatjeZegtHetZoalsHetIs #VanuitDeBasis #VoorHetVolk #Vlaanderen #11Juli",nathaliedewulf2,3347,18
nathaliedewulf2,7660758270818159904,https://www.tiktok.com/@nathaliedewulf2/video/7660758270818159904,1783659297,2026-07-09 21:54:57,"🎙️ Natje zegt het zoals het is... 💬  Vanaf volgend jaar zouden we een wegenvignet krijgen van €90 tot €125 per jaar, terwijl ook de verkeersbelasting hervormd wordt. 🚗 Ze zeggen dat ook buitenlandse bestuurders zullen meebetalen. Prima... maar gaan wij er als Vlamingen uiteindelijk echt beter van worden? Of betalen we gewoon opnieuw meer, alleen in een ander systeem? 🤔 Als we extra moeten betalen, dan verwacht ik ook betere en veiligere wegen. Een auto is voor veel mensen geen luxe, maar een noodzaak. Wat denken jullie? Is dit een eerlijke hervorming of gewoon een nieuwe rekening? 👇 #NatjeZegtHetZoalsHetIs #VanuitDeBasis #VoorHetVolk #Wegenvignet #Verkeersbelasting",nathaliedewulf2,90705,515
nathaliedewulf2,7660252226488651040,https://www.tiktok.com/@nathaliedewulf2/video/7660252226488651040,1783541458,2026-07-08 13:10:58,"Aan de E17... handig gekozen. 😉 Als het de bedoeling is dat mensen terugkeren naar de verantwoordelijke lidstaat, kunnen ze bijna meteen de snelweg op. 🚗 Nu alleen nog zorgen dat het systeem ook effectief werkt. Want een terugkeercentrum klinkt goed op papier, maar uiteindelijk telt maar één ding: worden de beslissingen ook echt uitgevoerd? Anders blijft het weer bij mooie woorden, dure opvang en veel beloftes. 🤔 #NatjeZegtHetZoalsHetIs #VanuitDeBasis #VoorHetVolk #Migratie #Terugkeerbeleid",nathaliedewulf2,62251,420
orredepo,7660562857490156833,https://www.tiktok.com/@orredepo/video/7660562857490156833,1783613784,2026-07-09 09:16:24,"Niet meer opvang, maar minder asielzoekers. In het verzet met @Vlaams Belang War Room",orredepo,369,39
orredepo,7653002484662717728,https://www.tiktok.com/@orredepo/video/7653002484662717728,1781853505,2026-06-19 00:18:25,"Registreer de afkomst, want er is een link tussen criminaliteit en migratie. @Vlaams Belang",orredepo,2493,157
orredepo,7651919677945384224,https://www.tiktok.com/@orredepo/video/7651919677945384224,1781601392,2026-06-16 02:16:32,"Het omvolkingspact heeft grote negatieve gevolgen voor onze veiligheid. De N-VA vindt dat allemaal gedram en naast de kwestie, maar oordeelt u zelf. @Vlaams Belang  #stopomvolking",orredepo,706,50
orredepo,7649440096357223712,https://www.tiktok.com/@orredepo/video/7649440096357223712,1781024065,2026-06-09 09:54:25,Allochtone relschoppers. Enkel een ommekeer in beleid zal helpen. Schop criminele vreemdelingen ons land uit. @Vlaams Belang,orredepo,648,52
orredepo,7648575602131324192,https://www.tiktok.com/@orredepo/video/7648575602131324192,1780822784,2026-06-07 01:59:44,Daar gaan we weer. Daders die slachtoffers worden en de boze agent die vervolgd moet worden… De beelden spreken nochtans voor zich. Geen genade voor dit schorremorrie. Tijd voor recht en orde. @Vlaams Belang,orredepo,581,12
alexander.de.croo1,7390005567084973317,https://www.tiktok.com/@alexander.de.croo1/video/7390005567084973317,1720619758,2024-07-10 06:55:58,,alexander.de.croo1,5984,66
alexander.de.croo1,7384398107074759942,https://www.tiktok.com/@alexander.de.croo1/video/7384398107074759942,1719314168,2024-06-25 04:16:08,"Wenn Sie finanzielle Hilfe benötigen, spende ich gerne 200.000 Euro an Menschen, die es brauchen.   E-Mail: alexanderdecroo190@gmail.com",alexander.de.croo1,1373,54
alexander.de.croo1,7384397728232639750,https://www.tiktok.com/@alexander.de.croo1/video/7384397728232639750,1719314079,2024-06-25 04:14:39,"Wenn Sie finanzielle Hilfe benötigen, spende ich gerne 200.000 Euro an Menschen, die es brauchen.   E-Mail: alexanderdecroo190@gmail.com",alexander.de.croo1,762,22
alexander.de.croo1,7384397322735815942,https://www.tiktok.com/@alexander.de.croo1/video/7384397322735815942,1719313985,2024-06-25 04:13:05,"Wenn Sie finanzielle Hilfe benötigen, spende ich gerne 200.000 Euro an Menschen, die es brauchen.   E-Mail: alexanderdecroo190@gmail.com",alexander.de.croo1,682,17
alexander.de.croo1,7384396643585543430,https://www.tiktok.com/@alexander.de.croo1/video/7384396643585543430,1719313827,2024-06-25 04:10:27,"Wenn Sie finanzielle Hilfe benötigen, spende ich gerne 200.000 Euro an Menschen, die es brauchen.   E-Mail: alexanderdecroo190@gmail.com",alexander.de.croo1,824,30
adelineblancquaer,7605665892608838944,https://www.tiktok.com/@adelineblancquaer/video/7605665892608838944,1770832098,2026-02-11 09:48:18,Hypocrisie is nooit ver te zoeken bij de socialisten!,adelineblancquaer,85910,2980
adelineblancquaer,7605662980671393057,https://www.tiktok.com/@adelineblancquaer/video/7605662980671393057,1770831424,2026-02-11 09:37:04,Het opengrenzenbeleid van de systeempartijen maakte van meisjes en vrouwen loslopend wild. Het moet gedaan zijn dat perverten uit andere culturen vrij spel hebben. Pak wie zich misdraagt hard aan en haal hen weg uit onze samenleving!,adelineblancquaer,5142,356
adelineblancquaer,7603041576947879200,https://www.tiktok.com/@adelineblancquaer/video/7603041576947879200,1770221073,2026-02-04 08:04:33,Overbevolking? Dat los je niet op door criminelen vrij te laten. Criminele vreemdelingen horen hun straf uit te zitten in het land van herkomst. Illegalen? Oppakken en buitenzetten Punt.  @Vlaams Belang,adelineblancquaer,954,49
adelineblancquaer,7597871450023808288,https://www.tiktok.com/@adelineblancquaer/video/7597871450023808288,1769017309,2026-01-21 09:41:49,"Sociale woningen zijn geen opvangnet voor massamigratie, maar een vangnet voor Vlamingen die het even moeilijk hebben. De systeempartijen kiezen voor migratie. Het Vlaams Belang kiest voor eerst onze mensen! @Vlaams Belang",adelineblancquaer,1530,79
adelineblancquaer,7592700442887327008,https://www.tiktok.com/@adelineblancquaer/video/7592700442887327008,1767813345,2026-01-07 11:15:45,"Terwijl woning- en huurprijzen exploderen, wordt de échte oorzaak verzwegen. Het Vlaams belang is duidelijk: stop de massamigratie en houd zo wonen voor onze mensen betaalbaar! @Vlaams Belang",adelineblancquaer,630,33
yoleenvancamp,6829404014577274118,https://www.tiktok.com/@yoleenvancamp/video/6829404014577274118,1590094534,2020-05-21 13:55:34,"Why you can never just plop down in the sofa, when having a #chihuahua ☝🙈 Anyone can relate? #foryoupage #fyp #dogsoftiktok #petlover",yoleenvancamp,184,8
yoleenvancamp,6814781386495479046,https://www.tiktok.com/@yoleenvancamp/video/6814781386495479046,1586689940,2020-04-12 04:12:20,No barber? No problemo 💇‍♀️ #quarantine #pony #rani #barber #fyp #funny #humor #animals #horsesoftiktok #petlovers,yoleenvancamp,171,14
yoleenvancamp,6800836810290236677,https://www.tiktok.com/@yoleenvancamp/video/6800836810290236677,1583443214,2020-03-05 13:20:14,Het alfabet in #gebarentaal #foryourpage #signlanguage #useful tiktok 🤓,yoleenvancamp,460,33
yoleenvancamp,6797406103211642118,https://www.tiktok.com/@yoleenvancamp/video/6797406103211642118,1582644441,2020-02-25 07:27:21,"Food dance, by Lola 😁 #foryou #dogsoftiktok #chihuahua #adopted #loveher",yoleenvancamp,688,123
yoleenvancamp,6795993072367947013,https://www.tiktok.com/@yoleenvancamp/video/6795993072367947013,1582315448,2020-02-21 12:04:08,Krijg ik als emoticon meer krabbels? 😏 #emoticonchallenge #dogsoftiktok #chihuahua #adorehim,yoleenvancamp,1141,331
koen.metsu.tiktok,7377664760298491169,https://www.tiktok.com/@koen.metsu.tiktok/video/7377664760298491169,1717746444,2024-06-07 00:47:24,10 Jaar geleden heb ik voor het eerst mijn sprong in het parlement gewaagd en de rest is toekomst… 🪂,koen.metsu.tiktok,1944,122
koen.metsu.tiktok,7376657454727286048,https://www.tiktok.com/@koen.metsu.tiktok/video/7376657454727286048,1717511912,2024-06-04 07:38:32,"Samen veilig METsU #7 Elisabet Haesevoets, dokter in de esthetische geneeskunde en de mol in 2019  #6 #kies24 #nieuws #verkiezingen #politiek #edegem #antwerpen",koen.metsu.tiktok,11741,186
koen.metsu.tiktok,7374728766997777697,https://www.tiktok.com/@koen.metsu.tiktok/video/7374728766997777697,1717062853,2024-05-30 02:54:13,"Samen veilig METsU #6 @kraftmeister Nick Kraft, Den Iejenigen Echten @djronnyretro bekend uit Big Brother",koen.metsu.tiktok,11657,118
koen.metsu.tiktok,7371399088887106848,https://www.tiktok.com/@koen.metsu.tiktok/video/7371399088887106848,1716287605,2024-05-21 03:33:25,"Samen veilig METsU #5 Jean-Marie Pfaff, Rode Duivel en legendarische doelman van Bayern München #kies24 #nieuws #verkiezingen #politiek #edegem #antwerpen #",koen.metsu.tiktok,3437,54
koen.metsu.tiktok,7369537323953917217,https://www.tiktok.com/@koen.metsu.tiktok/video/7369537323953917217,1715854160,2024-05-16 03:09:20,Ik kom normaal zelden uit de lucht gevallen maar in aanloop naar 9 juni maak ik voor 1 keer een uitzondering… 🪂✈️ #kies24 #nieuws #verkiezingen #politiek #edegem #antwerpen,koen.metsu.tiktok,3316,67
dewittekim,7650463594710125856,https://www.tiktok.com/@dewittekim/video/7650463594710125856,1781262370,2026-06-12 04:06:10,"Het is zover: we stappen naar het Grondwettelijk Hof.  De pensioenwet straft mensen die niet kunnen werken tot 67 en discrimineert bovendien vrouwen, jongeren, mensen in zware beroepen en mensen in armoede. Maar wij laten het hier niet bij. Met duizenden zullen we samen één rechtszaak indienen. Zo kunnen we met collectieve kracht deze onrechtvaardige wet van tafel vegen. Het wordt historisch. En jouw steun maakt het mogelijk. 💪 We hebben jou nodig: steun het pensioenproces op www.pensioenproces.be.",dewittekim,14842,725
dewittekim,7644965821994781984,https://www.tiktok.com/@dewittekim/video/7644965821994781984,1779982317,2026-05-28 08:31:57,Tegen de wil van de bevolking duwt de regering de pensioenhervorming door. Maar het verzet groeit. De strijd gaat verder 🔥,dewittekim,9188,475
dewittekim,7641607448381508896,https://www.tiktok.com/@dewittekim/video/7641607448381508896,1779200388,2026-05-19 07:19:48,"Geen geld voor pensioenen, maar wel voor oorlog? Voor Jambon een grappige zaak. 🙄",dewittekim,8717,386
dewittekim,7639056037626121505,https://www.tiktok.com/@dewittekim/video/7639056037626121505,1778606339,2026-05-12 10:18:59,"Goed nieuws! De #pensioenhervorming is opnieuw uitgesteld. De regeringspartijen wilden ze vandaag laten stemmen in het parlement, terwijl er 75.000 mensen op straat kwamen. Dat is hen niet gelukt ✊",dewittekim,19657,842
dewittekim,7629416466516905249,https://www.tiktok.com/@dewittekim/video/7629416466516905249,1776361951,2026-04-16 10:52:31,De pensioenmalus treft vooral de laagste pensioenen. Volgens N-VA is dat nodig om te besparen. De realiteit: pensioenen verlagen om meer oorlogwapens te kopen.,dewittekim,9437,572
elsampe1,7381819667595185440,https://www.tiktok.com/@elsampe1/video/7381819667595185440,1718713831,2024-06-18 05:30:31,Als mama speelgoed krijgt… 😉,elsampe1,8079,81
elsampe1,7378416843238772000,https://www.tiktok.com/@elsampe1/video/7378416843238772000,1717921553,2024-06-09 01:25:53,Tijd voor een nieuwe wind in de politiek 🩷,elsampe1,30032,159
elsampe1,7378080011338681632,https://www.tiktok.com/@elsampe1/video/7378080011338681632,1717843124,2024-06-08 03:38:44,Waar gaan je belastingen naartoe? Ik beantwoord uw vragen @stemvooru  Ons programma vooru.be/partijprogramma,elsampe1,2869,29
elsampe1,7378078867346574625,https://www.tiktok.com/@elsampe1/video/7378078867346574625,1717842860,2024-06-08 03:34:20,Wat doe je voor klimaat? Ik beantwoord uw vragen @Voor U  Ons programma vooru.be/partijprogramma,elsampe1,1888,19
elsampe1,7378076715190340897,https://www.tiktok.com/@elsampe1/video/7378076715190340897,1717842359,2024-06-08 03:25:59,Wat doe je voor klimaat? Ik beantwoord uw vragen @Voor U  Ons programma vooru.be/partijprogramma,elsampe1,2122,17
raoul_hedebouw,7662057754927844641,https://www.tiktok.com/@raoul_hedebouw/video/7662057754927844641,1783961843,2026-07-13 09:57:23,Love is in the air 💞,raoul_hedebouw,7786,265
raoul_hedebouw,7660574288545729824,https://www.tiktok.com/@raoul_hedebouw/video/7660574288545729824,1783616446,2026-07-09 10:00:46,Begroting: Haal het geld waar het zit,raoul_hedebouw,9809,388
raoul_hedebouw,7660188685610126625,https://www.tiktok.com/@raoul_hedebouw/video/7660188685610126625,1783526665,2026-07-08 09:04:25,Wat heeft De Wever te verbergen over de nationalisatie van de kerncentrales?,raoul_hedebouw,4975,267
raoul_hedebouw,7657968586857745697,https://www.tiktok.com/@raoul_hedebouw/video/7657968586857745697,1783009759,2026-07-02 09:29:19,"Hittegolf: 21 ministers bevoegd, 0 maatregelen 😳",raoul_hedebouw,7245,296
raoul_hedebouw,7657598581876018465,https://www.tiktok.com/@raoul_hedebouw/video/7657598581876018465,1782923611,2026-07-01 09:33:31,"Van het WK tot Luik, Lumumba blijft een inspiratie in de strijd tegen imperialisme, en voor het recht op zelfbeschikking. 13 jaar geleden stelden we met de PVDA in Luik voor om een ​​plein of straat naar Patrice Lumumba te vernoemen. En gisteren was het zover: dankzij de mobilisatie van velen en de samenwerking met de gemeenteraad, is het Lumumbaplein ingehuldigd! Maar wie was Patrice Émery Lumumba?",raoul_hedebouw,4967,209
screyelman,7266022048940576032,https://www.tiktok.com/@screyelman/video/7266022048940576032,1691752599,2023-08-11 04:16:39,#buggenhoutbruist#CapCut,screyelman,937,15
screyelman,7261587524286467354,https://www.tiktok.com/@screyelman/video/7261587524286467354,1690720103,2023-07-30 05:28:23,#Groen is slecht voor je mentale gezondheid! 😃😅😂🤣#CapCut,screyelman,127,13
screyelman,7237554657675971866,https://www.tiktok.com/@screyelman/video/7237554657675971866,1685124516,2023-05-26 11:08:36,##doezeluisteren #protestmeeting #brussel @Vlaams Belang,screyelman,1350,65
screyelman,7237222049947651354,https://www.tiktok.com/@screyelman/video/7237222049947651354,1685047075,2023-05-25 13:37:55,#doezeluisteren #brussel #vlaamsbelang #protestmeeting #pinkstermaandag #29mei @Vlaams Belang,screyelman,1620,81
screyelman,7186782973922905350,https://www.tiktok.com/@screyelman/video/7186782973922905350,1673303311,2023-01-09 14:28:31,#woke #wokeness #belike #gender #fyp #foryou #foryoupage,screyelman,902,51
filip.dewinter,7656329916123827489,https://www.tiktok.com/@filip.dewinter/video/7656329916123827489,1782628236,2026-06-27 23:30:36,Eigen Volk Eerst… logisch toch!,filip.dewinter,62,4
filip.dewinter,7562082846727294240,https://www.tiktok.com/@filip.dewinter/video/7562082846727294240,1760684632,2025-10-17 00:03:52,,filip.dewinter,1672,81
filip.dewinter,7561769756919942432,https://www.tiktok.com/@filip.dewinter/video/7561769756919942432,1760611733,2025-10-16 03:48:53,"‘Het zijn geen pygmeeën, eskimo’s of bosjesmannen die hier aanslagen plegen; het zijn moslims! Zolang u niet durft te erkennen dat de #islam de bron van alle kwaad is en de #koran een ‘license to kill’ zullen de terreuraanslagen blijven duren!’ #vlaamsparlement",filip.dewinter,20423,1297
filip.dewinter,7379205447913344289,https://www.tiktok.com/@filip.dewinter/video/7379205447913344289,1718105165,2024-06-11 04:26:05,,filip.dewinter,3862,68
vince.vq,7661959308388748577,https://www.tiktok.com/@vince.vq/video/7661959308388748577,1783938922,2026-07-13 03:35:22,"Steeds meer Belgen investeren in ETF’s. Meer dan in individuele aandelen.  Kies altijd voor een herbeleggende ETF (zie je aan de letters ACC in de naam) want zo vermijd je roerende voorheffing van 30% op de dividenden.  Welke ETF is de beste? Mijn bescheiden advies: Ticker: WEBN.  Waarom? - herbeleggende ETF - ⁠laagste beurstaks van 0,12% - ⁠jaarlijkse beheerskost (TER) van slechts 0,07% - ⁠gespreid over 3500 aandelen in ontwikkelde en opkomende markten Ter info. Dit is een bescheiden advies. Ik bezit zelf een positie in dit product. Ik ontvang geen vergoeding voor deze vermelding. #politiek  #etf  #beurs",vince.vq,16979,497
vince.vq,7660843249367551265,https://www.tiktok.com/@vince.vq/video/7660843249367551265,1783679069,2026-07-10 03:24:29,"De jacht op de managementvennootschappen is ingezet.  Eerst worden zelfstandigen en ondernemers gedemoniseerd en weggezet als profiteurs aan hun zwembad. Porsche voor de deur. Miljoenen op de rekening.  Daarna kwam de meerwaardetaks, de verdubbeling van de effectentaks en de verhoging van de roerende voorheffing van 15 naar 18%.  En nu wil men de vennootschapsbelasting optrekken van 20 naar 30%. Dus plus 50%! Wanneer stopt het? #politiek  #managementvennootschap  #taks",vince.vq,16218,400
vince.vq,7660129171842092320,https://www.tiktok.com/@vince.vq/video/7660129171842092320,1783512810,2026-07-08 05:13:30,"Voor 1 euro naar de dokter? 2,5 miljoen mensen kunnen dat. Met de verhoogde tegemoetkoming.  Andere mensen betalen 4 euro.  Dat is minder dan 1 koffie op de Grote Markt van Brussel.  Men noemt dat remgeld. Maar 1 euro remt just niks. Het moedigt aan.  Verhoog dat naar 5 resp. 10 euro en je hebt 2,5 miljard voor de begroting. #politiek  #remgeld #budget",vince.vq,13140,360
vince.vq,7659395894713896225,https://www.tiktok.com/@vince.vq/video/7659395894713896225,1783342081,2026-07-06 05:48:01,"Op 1 blikje bier betaal je 3 soorten taksen: btw, accijnzen en verpakkingstaks.  Het goedkoopste blikje Jupiler koop je voor 1,06 euro.  Daarvan is er 18,4 cent btw, 8 cent accijnzen en 3,25 cent verpakkingstaks.  Dus bijna 1/3 gaat naar taksen.  Weet dat sommige partijen nog eens statiegeld willen heffen. Ze zijn zot.  Stop de taksen.  Leve de Rode Duivels. #politiek  #bier  #taks",vince.vq,9689,305
vince.vq,7657860647316704545,https://www.tiktok.com/@vince.vq/video/7657860647316704545,1782984629,2026-07-02 02:30:29,"De taks op 1 liter water in België is hoger dan de prijs voor 1 liter water in Frankrijk.  Absurd? Ja. Maar het klopt.  1 liter goedkoopste water in België: 19 eurocent.  1 liter goedkoopste water in Frankrijk: 9,2 eurocent.  Het gaat om de verpakkingstaks. Ingevoerd door Groen en Jean-Luc Dehaene (CD&V). 10 cent per liter water.  Bovenop die taks is er nog: - de kost voor Fostplus die waterproducenten betalen. 50 miljoen euro.  - ⁠de zwerfvuiltaks te betalen aan de gewesten. Ook dat betalen die producenten. 100 miljoen euro.  - ⁠de vraag van alle partijen (behalve Anders.) om statiegeld/pestgeld in te voeren op plastieken flessen.  Het is taks op taks op taks.  Stop de vloedgolf aan taksen. #politiek  #water  #taks  #verpakkingstaks",vince.vq,94787,3278
chris_janssens_vb,7374777020493991201,https://www.tiktok.com/@chris_janssens_vb/video/7374777020493991201,1717074088,2024-05-30 06:01:28,,chris_janssens_vb,18369,154
chris_janssens_vb,7374114263754935584,https://www.tiktok.com/@chris_janssens_vb/video/7374114263754935584,1716919777,2024-05-28 11:09:37,,chris_janssens_vb,7139,125
chris_janssens_vb,7373741614096813344,https://www.tiktok.com/@chris_janssens_vb/video/7373741614096813344,1716833012,2024-05-27 11:03:32,Kom zondag 2 juni naar onze grote V Meeting in de Antwerp Expo. Met duizenden zetten we de laatste rechte lijn in naar de verkiezingen. Vlaanderen weer van ons! Schrijf je in via www.vmeeting.be. @Vlaams Belang,chris_janssens_vb,9654,275
chris_janssens_vb,7373336241279864097,https://www.tiktok.com/@chris_janssens_vb/video/7373336241279864097,1716738628,2024-05-26 08:50:28,Op 2 juni ga jij uiteraard ook naar de V Meeting in de Antwerp Expo! Schrijf je snel in via vmeeting.be.,chris_janssens_vb,6523,124
chris_janssens_vb,7360225149221670177,https://www.tiktok.com/@chris_janssens_vb/video/7360225149221670177,1713685969,2024-04-21 00:52:49,Conner Rousseau of Vlaams Belang? Kies maar! #voorjou #vlaamsetiktok #vlaamsbelang #politics #connerrousseau @Vlaams Belang,chris_janssens_vb,17067,581
barbara_pas_vb,7658282713274731809,https://www.tiktok.com/@barbara_pas_vb/video/7658282713274731809,1783082897,2026-07-03 05:48:17,Heeft u al een Vlaamse leeuw om te laten wapperen op 11 juli ? Bestel nu op leeuwenvlag.vlaanderen 🦁,barbara_pas_vb,1482,108
barbara_pas_vb,7649810536137329953,https://www.tiktok.com/@barbara_pas_vb/video/7649810536137329953,1781110315,2026-06-10 09:51:55,Teken de petitie tegen het omvolkingspact via stopomvolkingspact.be !,barbara_pas_vb,685,61
barbara_pas_vb,7645105431269903649,https://www.tiktok.com/@barbara_pas_vb/video/7645105431269903649,1780014830,2026-05-28 17:33:50,"Zet orde op zaken door institutionele hervormingen en fiscale autonomie, maar bespaar niet op de Vlaming die hard werkt, spaart en onderneemt!",barbara_pas_vb,1173,53
barbara_pas_vb,7643041384215137558,https://www.tiktok.com/@barbara_pas_vb/video/7643041384215137558,1779534250,2026-05-23 04:04:10,"Massamigratie verandert de samenleving in sneltempo. Onderzoek toont aan dat de Vlaming omvolking niet ziet zitten. Gooi eindelijk het roer om, bescherm de Vlaamse identiteit en zet onze mensen opnieuw op de eerste plaats! #DeAfspraak #VRT",barbara_pas_vb,5990,398
barbara_pas_vb,7639420946834607393,https://www.tiktok.com/@barbara_pas_vb/video/7639420946834607393,1778691301,2026-05-13 09:55:01,"Iedere Vlaming , ongeacht geaardheid moet veilig over straat kunnen gaan ! In plaats van de schuld (alleen) bij sociale media te leggen: focus eens op opvoeding en cultuur…#DeAfsoraak #VRT",barbara_pas_vb,3978,218
ilsemalfroot,7143199646322625798,https://www.tiktok.com/@ilsemalfroot/video/7143199646322625798,1663155777,2022-09-14 04:42:57,,ilsemalfroot,559,20
ilsemalfroot,7141684665940741382,https://www.tiktok.com/@ilsemalfroot/video/7141684665940741382,1662803043,2022-09-10 02:44:03,,ilsemalfroot,517,32
ilsemalfroot,7141440937728724229,https://www.tiktok.com/@ilsemalfroot/video/7141440937728724229,1662746294,2022-09-09 10:58:14,,ilsemalfroot,632,38
ilsemalfroot,7141438580206963974,https://www.tiktok.com/@ilsemalfroot/video/7141438580206963974,1662745746,2022-09-09 10:49:06,,ilsemalfroot,712,48
ilsemalfroot,7140157679539883270,https://www.tiktok.com/@ilsemalfroot/video/7140157679539883270,1662447526,2022-09-05 23:58:46,,ilsemalfroot,763,24
jeremievaneeckhou,7657588485171285280,https://www.tiktok.com/@jeremievaneeckhou/video/7657588485171285280,1782921260,2026-07-01 08:54:20,"N-VA, partij van de A-burgers, voor wie in een gemeente woont die een minister levert.😳 Elke politicus neemt bezorgdheden mee uit zijn gemeente of regio. Dat hoort zo. Maar de toewijzing van middelen moet wel gewoon objectief gebeuren. Anders eindigen we met A- en B-burgers. En vandaag bleek uit een wetenschappelijke analyse dat de Vlaamse regering gewoon aan zelfbediening doet. #fyp",jeremievaneeckhou,6911,132
jeremievaneeckhou,7650056454489066785,https://www.tiktok.com/@jeremievaneeckhou/video/7650056454489066785,1781167573,2026-06-11 01:46:13,Een rode lijn tegen vernielingen en geweld. Voor iedereen. En dan werken aan oplossingen. En dat zijn militaire heropvoedingskampen à la Rousseau en Francken niet.,jeremievaneeckhou,9350,109
jeremievaneeckhou,7642033123923954977,https://www.tiktok.com/@jeremievaneeckhou/video/7642033123923954977,1779299495,2026-05-20 10:51:35,"Wanneer een collega constant racistische praat verkoopt op de parlementaire banken en me uitdaagt om klacht in te dienen. Nooit. In het parlement is er totale vrijheid van meningsuiting. Elk debat moet daar gevoerd kunnen worden. Ik zal dat tot het einde van mijn dagen verdedigen én tegelijk harder dan ooit  strijden tegen dat walgelijke, wanhopige racisme. #fyp",jeremievaneeckhou,70050,2970
jeremievaneeckhou,7641672487167741217,https://www.tiktok.com/@jeremievaneeckhou/video/7641672487167741217,1779215527,2026-05-19 11:32:07,"Voor alle jongens, gasten, mannen die zich te snel in hun mannelijkheid bedreigd voelen. Doe effkes normaal zeg. #fyp",jeremievaneeckhou,4583,86
jeremievaneeckhou,7611147682832305440,https://www.tiktok.com/@jeremievaneeckhou/video/7611147682832305440,1772108427,2026-02-26 04:20:27,"Vooruit en CD&V keren hun kar en willen meer buslijnen schrappen. Besparen op bussen, is besparen op studenten, op ouderen. #fyp",jeremievaneeckhou,8221,230
bjanseeuw,7236030637944212763,https://www.tiktok.com/@bjanseeuw/video/7236030637944212763,1684769689,2023-05-22 08:34:49,"𝗠𝗮𝗸𝗲-𝗼𝘃𝗲𝗿 𝗠𝗼𝗻𝗱𝗮𝘆 🤩 Opnieuw een stapje dichter bij een volledig vernieuwde handelskern, want ook de Hertstraat is afgewerkt! ✅",bjanseeuw,1044,28
bjanseeuw,7227106970904349979,https://www.tiktok.com/@bjanseeuw/video/7227106970904349979,1682691979,2023-04-28 07:26:19,Samen met heel wat helpende handen stak ik deze middag de handen uit de mouwen op de opruimactie in de wijk Nieuw Stene. 🚮 Even een shout-out naar onze medewerkers van de dienst Openbaar Domein die zich elke dag keihard inzetten om onze straten en pleinen proper te houden! 👏 Respect voor hun werk! 🙏,bjanseeuw,339,14
bjanseeuw,7224532772059204891,https://www.tiktok.com/@bjanseeuw/video/7224532772059204891,1682092624,2023-04-21 08:57:04,We duiken het weekend in met leuk nieuws! 🤩 Onze Christinastraat ligt er weer fantastisch bij! ✅ Ga jij dit weekend een kijkje nemen? 👀,bjanseeuw,1106,26
bjanseeuw,7199537458885807366,https://www.tiktok.com/@bjanseeuw/video/7199537458885807366,1676272955,2023-02-12 23:22:35,"𝗠𝗮𝗸𝗲-𝗼𝘃𝗲𝗿 𝗠𝗼𝗻𝗱𝗮𝘆 🤩 Had je het al gemerkt? Onze Amandine straalt opnieuw, en hoe! Fantastisch dat we dankzij de renovatie van de romp van het schip weer kunnen genieten van dit iconisch stukje Oostende!  En het goede nieuws is: ook de werken aan het museum, onderaan het schip, starten binnenkort. Je zal onze Amandine dus snel opnieuw kunnen bezoeken, iets om naar uit te kijken!",bjanseeuw,1067,15
bjanseeuw,7190685985129254149,https://www.tiktok.com/@bjanseeuw/video/7190685985129254149,1674212056,2023-01-20 02:54:16,"Deze zondag 22/01 nieuwjaarsreceptie van N-VA Oostende, met deze topper Theo Francken! 🙌  Iedereen is van harte welkom, inschrijven is niet nodig. 🤩 Tot dan? 😁",bjanseeuw,1428,27
ankevandermeersch,7605624741478599968,https://www.tiktok.com/@ankevandermeersch/video/7605624741478599968,1770822522,2026-02-11 07:08:42,"Veel ophef over straatintimidatie, maar links en extreem links zwijgt over hoe zij met open grenzen en massamigratie onze straten onveiliger maakte.  Iedereen negeert de olifant in de kamer: De import van de vrouwhatende islam! StopStraatintidatie.org",ankevandermeersch,538,42
ankevandermeersch,7605179937980550432,https://www.tiktok.com/@ankevandermeersch/video/7605179937980550432,1770718976,2026-02-10 02:22:56,Fake debat over onveiligheid van vrouwen op straat in de media… Over de échte reden van de toenemende straatintimidatie wordt vakkundig gezwegen:  Massa-immigratie en islamisering!  StopStraatIntimidatie.org,ankevandermeersch,940,62
ankevandermeersch,7562525037329124640,https://www.tiktok.com/@ankevandermeersch/video/7562525037329124640,1760787597,2025-10-18 04:39:57,Wil je ook lid worden va de Braboclub? Dat kan door storting van 10€ per maand of 120€ per jaar via rekeningnummer BE82 7512 0516 7568 Braboclub als mededeling lidmaatschap “Braboclub”. Het lidmaatschap bedraagt,ankevandermeersch,17259,32
ankevandermeersch,7561778771649482017,https://www.tiktok.com/@ankevandermeersch/video/7561778771649482017,1760613835,2025-10-16 04:23:55,"Het gaat slecht met de luchthaven van Antwerpen dat weten we allemaal, dat is blijkbaar goed nieuws voor groen-links, maar slecht nieuws voor Antwerpen want de luchthaven zorgt voor de tewerkstelling en houdt mee de 2de grootste havenstad ter wereld mee draaiende.   Zowel VOKA als de CEO van Antwerp Airport hebben reële pistes om de luchthaven rendabeler: -       door nieuwe bestemmingen aan te trekken, vooral Europese citytrips en zakelijke routes zoals Londen, Genève en Zürich; -       door meer chartervluchten aan te bieden tijdens de zomermaanden; -       en door te investeren in duurzaamheid en innovatie,  stillere vliegtuigen en elektrische voertuigen op tarmac, projecten rond duurzame brandstoffen   Vlaamse overheid toont helaas weinig ambitie om van Antwerp Airport succesverhaal te maken.  Kijk naar wat er in Wallonië wel kan. De Waalse overheid ondersteunt de luchthaven van Charleroi al jarenlang met substantiële middelen en infrastructuurinvesteringen.  Er werden duurzaam geïnvesteerd in uitbreiding van: -       de terminal,  -       marketingsteun -       en de uitbouw van een multimodaal vervoersknooppunt. Daardoor is Charleroi uitgegroeid tot de tweede grootste luchthaven van België, goed voor duizenden jobs en internationale uitstraling. Waarom kan Vlaanderen dat dan niet voor Antwerpen?   Waarom kan de Vlaamse regering geen volwaardig Vlaams actieplan uitwerken om Antwerp Airport te versterken — met duidelijke steun, visie en samenwerking — zodat ook Vlaanderen zijn regionale luchthaven laat opstijgen in plaats van haar te laten neerstorten?   Wat groen-links vandaag doet met de luchthaven van Deurne is een schoolvoorbeeld van een self-fulfilling prophecy.    Jarenlang al doet groen-links er alles aan om de werking van Antwerp Airport te beknotten:  -       strenge geluidsnormen,  -       beperkingen op openingsuren,  -       tegenwerking bij uitbreidingsplannen en  -       voortdurende negatieve framing in de media   Milieuregels hebben de luchthaven momenteel beperkt tot een minimum qua commerciële, oefen- en zakenvluchten. De beperkte lengte van de startbaan knipt de vleugels van de luchthaven.   Als men de groei onmogelijk maakt, dan is het geen toeval dat de cijfers achteruitgaan. Dat is geen vaststelling, dat is ideologisch georchestreerd verval. Eerst de vleugels knippen, dan beweren dat het niet kan vliegen. Die vlieger gaat niet op!",ankevandermeersch,11679,235
ankevandermeersch,7561449330717084961,https://www.tiktok.com/@ankevandermeersch/video/7561449330717084961,1760537126,2025-10-15 07:05:26,"Antwerp Airport hoeft geen probleem te zijn, maar kan net een oplossing worden voor slimme, duurzame mobiliteit.   In plaats van subsidies te slurpen kán de luchthaven van Deurne rendabel zijn, Antwerpe airport ís economisch relevant en hééft potentieel!   Alleen: dat potentieel kan zich pas ontplooien als de Vlaamse overheid stopt met het volgen van de groen linkse-agenda van beperking en blokkering.   Daarom moeten de Vlaamse overheid, stad Antwerpen en de exploitant dringend samenwerken om van Antwerp Airport opnieuw een rendabele en toekomstgerichte luchthaven te maken — niet om ze te laten crashen, maar om ze te laten opstijgen!",ankevandermeersch,3869,48
mauritsvandereyde,7661960631980969248,https://www.tiktok.com/@mauritsvandereyde/video/7661960631980969248,1783939229,2026-07-13 03:40:29,Dit is dus waarom de Vlaamse regering een nieuwe belasting op autorijden invoert. Elk jaar zijn er gigantische tekorten op de begroting. De schuld is enkele jaren maal vier gegaan. De oorzaak: miljarden aan absurde uitgaven. Gevolg: zes maanden geleden steeg de zorgbelasting al met meer dan de helft. Nu komt er een nieuwe verkeersbelasting van 125 euro bij. “Lekkere pudding” noemt minister van begroting Ben Weyts dat. Onvoorstelbaar. #nva #vooruit #belastingen #vlaanderen #belgië,mauritsvandereyde,40885,1633
mauritsvandereyde,7660247713287572769,https://www.tiktok.com/@mauritsvandereyde/video/7660247713287572769,1783540409,2026-07-08 12:53:29,"De overheid blijft maar geld uitgeven. Na de frigobon, nu een airco-bon. Wat ze er niet bij zeggen: mensen die verwarmen op gas en stookolie moeten meer belastingen betalen op energie. Zij betalen voor deze subsidies. Het is heel makkelijk om andermans geld uit te geven. We moeten in de politiek dringend beseffen dat het geld op is. Het Vlaamse begrotingstekort is 3,6 miljard euro. Er is het afgelopen jaar meer dan 6 miljard euro aan schuld bijgekomen. Dat is waanzinnig veel. En toch blijft de overheid maar geld uitgeven.  Dit is niet houdbaar. Straks zullen er weer nieuwe belastingen “absoluut nodig zijn”. #socialisten #politiek",mauritsvandereyde,45687,1446
mauritsvandereyde,7659459441485450529,https://www.tiktok.com/@mauritsvandereyde/video/7659459441485450529,1783356875,2026-07-06 09:54:35,"Onwaarschijnlijk: 1,8 miljoen euro subsidie voor … een paardenwedstrijd. Hier betalen we dus de hoogste belastingen ter wereld voor. #politiek #absurd",mauritsvandereyde,19096,770
mauritsvandereyde,7658021591430876449,https://www.tiktok.com/@mauritsvandereyde/video/7658021591430876449,1783022099,2026-07-02 12:54:59,"In het parlement kwam Groen-voorzitter Aimen Horch eisen dat wij “de politie zouden veoordelen omdat ze hem opgepakt hebben”. De waarheid heeft haar rechten: Aimen Horch deed mee aan een linkse betoging. De politie probeerde die in goede banen te leiden, hoewel ze niet aangevraagd was. Linkse betogers bespuwden agenten en jouwden ze uit. Horch negeerde de richtlijnen van de politie. Hij werd daarvoor zeer terecht, zonder geweld, opgepakt. Vervolgens voerde hij daar een media-show over.  Er is een heel andere boodschap nodig: respect voor onze agenten. #groen #betogen",mauritsvandereyde,30831,1601
mauritsvandereyde,7655978391731981601,https://www.tiktok.com/@mauritsvandereyde/video/7655978391731981601,1782546382,2026-06-27 00:46:22,Paar dagen warm en de wereld gaat weer vergaan volgens de Groenen🤷🏻‍♂️ #belgischepolitiek #groen #warm,mauritsvandereyde,373903,13040
stevenmathei,7651555441402481952,https://www.tiktok.com/@stevenmathei/video/7651555441402481952,1781516585,2026-06-15 02:43:05,Ook dit jaar kan je de matchen van de Rode Duivels tijdens het WK voetbal (Die op een schappelijk uur doorgaan) volgen op groot scherm op het Marktplein in Peer.  #stevenmathei #peer #WK #Belgie #wedstrijd,stevenmathei,3444,139
stevenmathei,7650592223683218720,https://www.tiktok.com/@stevenmathei/video/7650592223683218720,1781292316,2026-06-12 12:25:16,"De helemiddenklasse, van verpleger tot leerkracht, heeft recht op meer netto loon. #stevenmathei #belastingen #cdenv #federaalparlement #morgenbeter",stevenmathei,10040,219
stevenmathei,7649406783978523937,https://www.tiktok.com/@stevenmathei/video/7649406783978523937,1781016312,2026-06-09 07:45:12,"Met cd&v zorgen we ervoor dat werken meer loont. Tot €100 extra nettoloon per maand, meer koopkracht en meer zuurstof voor onze gezinnen.  #stevenmathei #peer #cdenv #federaalparlement #morgenbeter",stevenmathei,1850,62
stevenmathei,7648558254968032545,https://www.tiktok.com/@stevenmathei/video/7648558254968032545,1780818749,2026-06-07 00:52:29,Waarom de combinatie federaal parlementslid en burgemeester?   #stevenmathei #peer #cdenv #federaalparlement #morgenbeter,stevenmathei,964,22
stevenmathei,7647163420864761121,https://www.tiktok.com/@stevenmathei/video/7647163420864761121,1780493992,2026-06-03 06:39:52,Eens een bezoekje doen in het parlement? Neem dan zeker contact op.  #stevenmathei #peer #cdenv #morgenbeter #federaalparlement,stevenmathei,1321,42
freyaperdaens,7661694877784165664,https://www.tiktok.com/@freyaperdaens/video/7661694877784165664,1783877354,2026-07-12 10:29:14,"Het is 33 graden, wat zou jij doen? Een hobby oppikken die je al 20 jaar niet meer beoefent blijkbaar 😅",freyaperdaens,318,8
freyaperdaens,7660938631896517920,https://www.tiktok.com/@freyaperdaens/video/7660938631896517920,1783701276,2026-07-10 09:34:36,Een week met heel wat inspiratie en kwetsbaarheid. Een tikkeltje confronterend ook bij tijden. #freyaopvrijdag,freyaperdaens,287,4
freyaperdaens,7660657885935832352,https://www.tiktok.com/@freyaperdaens/video/7660657885935832352,1783635910,2026-07-09 15:25:10,Onze hulpverlening kan moeilijk connectie maken met volwassen mannen met problemen met hun mentaal welzijn. Zij zetten minder gemakkelijk de stap naar hulp. Dat moet ons zorgen baren. We mogen hen niet uit het oog verliezen.,freyaperdaens,610,43
freyaperdaens,7660087810119978273,https://www.tiktok.com/@freyaperdaens/video/7660087810119978273,1783503179,2026-07-08 02:32:59,"Als volwassene kan de impact van een persoon met een verslavingsproblematiek in je directe omgeving groot zijn. Maar voor een kind is dat nog vele malen groter. Want een kind kan niet kiezen om afstand te nemen, om zich veilig te stellen. Een kind ondergaat. En ondanks alles zal dat kind hopen dat het tij keert. Die kwetsbaarsten verdienen onze meest toegewijde zorg. En dan mag het er niet toe doen of ze gelukkig in de buurt wonen van hulp. #verslavingszorg #kinderrechten #welzijn",freyaperdaens,573,24
freyaperdaens,7658263206594432288,https://www.tiktok.com/@freyaperdaens/video/7658263206594432288,1783078356,2026-07-03 04:32:36,"Een fijne zomervakantie (voor wie dat viert 😉). Wij doen nog een tijdje door. Maar laat dat jou niet tegenhouden. Fijne dingen voor de mens, dit weekend of tijdens de vakantie? Drop je tips in de comments! #freyaopvrijdag",freyaperdaens,338,12
dominieksneppe,7652842251411868960,https://www.tiktok.com/@dominieksneppe/video/7652842251411868960,1781816191,2026-06-18 13:56:31,#stopomvolkingspact,dominieksneppe,2146,125
dominieksneppe,7652842172303117601,https://www.tiktok.com/@dominieksneppe/video/7652842172303117601,1781816173,2026-06-18 13:56:13,Slotpassage van mijn tussenkomst over het omvolkingspact en de impact ervan op onze gezondheidszorg #stopomvolkingspact,dominieksneppe,1815,114
dominieksneppe,7647641963734322464,https://www.tiktok.com/@dominieksneppe/video/7647641963734322464,1780605403,2026-06-04 13:36:43,"Migratie belangt niet alleen binnenlandse zaken aan, maar ook gezondheidszorg! #omvolkingspact",dominieksneppe,2202,87
dominieksneppe,7631229071002832161,https://www.tiktok.com/@dominieksneppe/video/7631229071002832161,1776783984,2026-04-21 08:06:24,#CapCut,dominieksneppe,7029,178
dominieksneppe,7577832172887739681,https://www.tiktok.com/@dominieksneppe/video/7577832172887739681,1764351564,2025-11-28 09:39:24,"Een draak van een regering, nog heel veel onduidelijkheden en de meest gepluimde kip wordt verder uitgebeend!",dominieksneppe,2549,152
goedeleliekens,7634127670002863392,https://www.tiktok.com/@goedeleliekens/video/7634127670002863392,1777458864,2026-04-29 03:34:24,Mijn nieuwe song… Bedankt voor de ingezonden teksten… Heel inspirerend! 😉#tiktoktrend #AImusic #stopsexism,goedeleliekens,1469,32
goedeleliekens,7633398315106831648,https://www.tiktok.com/@goedeleliekens/video/7633398315106831648,1777289054,2026-04-27 04:24:14,We are teaching women how to not get raped while men are teaching eachother how to do it… #womensrights #violence #sa,goedeleliekens,1355,85
goedeleliekens,7614887316368133408,https://www.tiktok.com/@goedeleliekens/video/7614887316368133408,1772979127,2026-03-08 07:12:07,"Guys, are you with us? #UN #UNITEDNATIONS #csw70 #commissiononthestatusofwomen #newyork",goedeleliekens,24002,494
goedeleliekens,7605913936977808672,https://www.tiktok.com/@goedeleliekens/video/7605913936977808672,1770889851,2026-02-12 01:50:51,Na mijn optreden bij De Afspraak heb ik een parel van een mail ontvangen… Dit soort mannen bestaat dus echt nog. #deafspraak Foto: Kristof Ghyselinck @dag_allemaal,goedeleliekens,1006,36
goedeleliekens,7605552717469207840,https://www.tiktok.com/@goedeleliekens/video/7605552717469207840,1770805750,2026-02-11 02:29:10,Te gast in @deafspraak.vrtnws .vrtnws over vrouwonveiligheid.Laten we mannen zeker niet buitensluiten en dit o zo belangrijke debat in alle sereniteit voeren. Want dit onderwerp verdient het.,goedeleliekens,1766,45
steven.coenegrach,7355516363286351137,https://www.tiktok.com/@steven.coenegrach/video/7355516363286351137,1712589618,2024-04-08 08:20:18,#openvld  #verkiezingen  #morgendoenwerken,steven.coenegrach,2726,56
steven.coenegrach,7337577013600963872,https://www.tiktok.com/@steven.coenegrach/video/7337577013600963872,1708412799,2024-02-19 23:06:39,🎥 TVLimburg vroeg mijn mening over de 32-uren werkweek. Een voorstel van PS. 🧑‍🏭🤝👨‍👩‍👧 werk en privé beter in evenwicht brengen is een uitdaging waar we allemaal aan moeten en willen werken. ❌ dit voorstel is echter los van alle realiteit. Het is onhaalbaar en onbetaalbaar.  💡PS zou beter samen met ons nadenken over het invullen van al die openstaande vacatures. Hoe krijg je werklozen geactiveerd? Bedrijven vinden vandaag geen personeel en dat verhoogt de werkdruk op de mensen die wél gaan werken. Daar ligt voor ons de oplossing. #ps  #openvld  #werk  #family,steven.coenegrach,2732,56
steven.coenegrach,7336864968190512416,https://www.tiktok.com/@steven.coenegrach/video/7336864968190512416,1708247003,2024-02-18 01:03:23,"🏡 Hoe wij de woningmarkt weer betaalbaar willen maken? Bouwen, bouwen, bouwen. Alleen door meer kwalitatief aanbod worden de prijzen op de koop- en huurmarkt weer behapbaar.  Lees er alles over in ons woonplan:  https://www.openvld.be/woonplan#:~:text=Tegen%202035%20zullen%20er%20zo,kans%20hebben%20op%20de%20woningmarkt.",steven.coenegrach,2223,23
steven.coenegrach,7328728553002896672,https://www.tiktok.com/@steven.coenegrach/video/7328728553002896672,1706352594,2024-01-27 02:49:54,#bestepoliticus  #slechtstepoliticus  #limburg  #tvl  #verkiezingen  #5,steven.coenegrach,1522,20
steven.coenegrach,7325409101809290529,https://www.tiktok.com/@steven.coenegrach/video/7325409101809290529,1705579728,2024-01-18 04:08:48,#openvld #niksmoetallesmag  #doejeeigending  #selfcontrol  @OpenVld,steven.coenegrach,1080,15
roosmarijnbeckers8,7658362034681040160,https://www.tiktok.com/@roosmarijnbeckers8/video/7658362034681040160,1783101364,2026-07-03 10:56:04,Op de vooravond van de Vlaamse feestdag komt het Vlaams Belang samen in Bilzen-Hoeselt om feest te vieren! Wees welkom op 10 juli vanaf 18u! Inschrijven: https://sporenviering.be/@Vlaams Belang,roosmarijnbeckers8,5412,227
roosmarijnbeckers8,7655225197334777120,https://www.tiktok.com/@roosmarijnbeckers8/video/7655225197334777120,1782371017,2026-06-25 00:03:37,"Wie in Vlaanderen komt wonen en hier school loopt, moet zich aanpassen aan de bestaande schoolkalender. Het Vlaams Belang is dan ook duidelijk: ons Vlaams onderwijs moet zich niet aanpassen aan de grillen en eisen van de islam! @Vlaams Belang",roosmarijnbeckers8,7651,349
roosmarijnbeckers8,7652709767525289249,https://www.tiktok.com/@roosmarijnbeckers8/video/7652709767525289249,1781785348,2026-06-18 05:22:28,Het Vlaams Belang stemde tegen het decreet dat bespaart op de studiebeurzen. Laat u niks anders wijsmaken!,roosmarijnbeckers8,1594,83
roosmarijnbeckers8,7647185388087381281,https://www.tiktok.com/@roosmarijnbeckers8/video/7647185388087381281,1780499102,2026-06-03 08:05:02,"Hervormingen in het onderwijs zijn nodig. Dat vraagt het @Vlaams Belang al 20 jaar. Maar de manier waarop minister Demir die maatregelen, zonder overleg, door de strot van de directies, leraren én scholieren duwt is niet oké!",roosmarijnbeckers8,2628,69
roosmarijnbeckers8,7642018070315142433,https://www.tiktok.com/@roosmarijnbeckers8/video/7642018070315142433,1779295989,2026-05-20 09:53:09,Een thema dat ik normaal niet behandel maar ik spring graag in voor mijn lieve collega @Adeline Blancquaert die pas bevallen is. Vrouwenrechten gaan achteruit. Onze dochters gaan minder rechten hebben dan wij. Ze bewegen zich minder vrij in de publieke ruimte dan wij deden toen we jong waren. En toch wordt nog steeds de olifant in de kamer niet benoemd: decennia lang mannen importeren uit landen waar vrouwenrechten zelfs niet bestaan.,roosmarijnbeckers8,8545,609
zuhaldemirfamily,7659347108754984224,https://www.tiktok.com/@zuhaldemirfamily/video/7659347108754984224,1783330721,2026-07-06 02:38:41,beetje te laat geplaatst maar het is oké👍 #celebrity #fyp #viral #xyzabc #popular,zuhaldemirfamily,14244,78
zuhaldemirfamily,7659064256968609056,https://www.tiktok.com/@zuhaldemirfamily/video/7659064256968609056,1783264864,2026-07-05 08:21:04,Ik ben zo mooi❤️❤️ #popular #xyzabc #viral #fyp #celebrity,zuhaldemirfamily,175824,2617
zuhaldemirfamily,7654258848940805408,https://www.tiktok.com/@zuhaldemirfamily/video/7654258848940805408,1782146019,2026-06-22 09:33:39,Ik heb de herfst nu al gemist!     #celebrity #popular #fyp #viral #xyzabc,zuhaldemirfamily,100971,683
zuhaldemirfamily,7654232150157380896,https://www.tiktok.com/@zuhaldemirfamily/video/7654232150157380896,1782139803,2026-06-22 07:50:03,"Leraar, ik heb je nodig! Ik hoor elke dag hoe zwaar de planlast weegt.Dat moet anders.  Daarom breng ik op 6 juli 124 leerkrachten samen in het Vlaams Parlement om samen te bepalen wat weg kan, zodat er weer meer tijd komt voor wat echt telt: jullie klas. schrijf je in tot 12 juni via www.raadvanonderwijzers.be #xyzabc #viral #fyp #popular #celebrity",zuhaldemirfamily,161245,1938
zuhaldemirfamily,7654215443019746593,https://www.tiktok.com/@zuhaldemirfamily/video/7654215443019746593,1782135913,2026-06-22 06:45:13,Dit was zo leuk! Ik kan dit nooit vergeten zelfs al ik het wil vergeten. Ik kan niet wachten tot ik dit nog een keer zou kunnen doen❤️ #popular #fyp #viral #xyzabc,zuhaldemirfamily,48837,283
reccino,7650000403521735968,https://www.tiktok.com/@reccino/video/7650000403521735968,1781154538,2026-06-10 22:08:58,Koppel voorwaarden inzake terugkeerbeleid rond vreemdelingen aan handelsakkoorden. #migratiepact #omvolkingspact,reccino,602,37
reccino,7631309255194316054,https://www.tiktok.com/@reccino/video/7631309255194316054,1776802651,2026-04-21 13:17:31,Brandstoffenprijzen,reccino,895,42
reccino,7606381705544469782,https://www.tiktok.com/@reccino/video/7606381705544469782,1771052400,2026-02-13 23:00:00,"Niet meer Europa, maar wel een ander Europa kan onze industrie redden",reccino,519,75
reccino,7606379501185977603,https://www.tiktok.com/@reccino/video/7606379501185977603,1770998237,2026-02-13 07:57:17,"Ons land en de EU hebben jarenlang als een konijn naar een lichtbak gestaard, terwijl men nu verbaasd is dat andere grootmachten de industrie hebben ingepalmd.",reccino,823,76
reccino,7606233318488640800,https://www.tiktok.com/@reccino/video/7606233318488640800,1770964213,2026-02-12 22:30:13,De EU maakte onze industrie kapot. Het antwoord van Bart De Wever daarop: Nog meer EU!,reccino,857,55
_nadianaji,7660175136191974688,https://www.tiktok.com/@_nadianaji/video/7660175136191974688,1783523510,2026-07-08 08:11:50,Extreme hitte kost letterlijk levens. Je hebt recht op verkoeling. Tijd dus voor actie van de regering in plaats van enkel mooie woorden.,_nadianaji,4843,101
_nadianaji,7656895657021803799,https://www.tiktok.com/@_nadianaji/video/7656895657021803799,1782759951,2026-06-29 12:05:51,Niet vergeten: N-VA staat aan de kant van het licht…,_nadianaji,7714,241
_nadianaji,7654626337319128353,https://www.tiktok.com/@_nadianaji/video/7654626337319128353,1782231581,2026-06-23 09:19:41,"Reality check voor minister van defensie Theo Francken: heel veel mensen hebben geen geld voor deftige isolatie, laat staan een zwembad.  Iedereen heeft recht op verkoeling, dus eis samen met ons actie van onze regeringen 🔥 Teken onze petitie via www.groen.be/extreem-weer",_nadianaji,84050,2779
_nadianaji,7654291411470126369,https://www.tiktok.com/@_nadianaji/video/7654291411470126369,1782153600,2026-06-22 11:40:00,"Proficiat, Jérémy!",_nadianaji,15469,243
_nadianaji,7652405322320973088,https://www.tiktok.com/@_nadianaji/video/7652405322320973088,1781714463,2026-06-17 09:41:03,@Bram Jaques en ik zoeken een 50% parlementair medewerker met focus op communicatie. Ben jij een creatieve duizendpoot? Begin je spontaan te tikken en tokken als er een trend voorbijkomt op socials? Gaat je hart sneller slaan van politiek en actualiteit? Dan ben jij misschien de persoon die binnenkort onze socials helpt managen.  Solliciteer voor 23 juni via www.groen.be/vacatures,_nadianaji,3693,61
ellen_samyn,7660811819811917088,https://www.tiktok.com/@ellen_samyn/video/7660811819811917088,1783671755,2026-07-10 01:22:35,"💸 Het leefloon was bedoeld als ultiem vangnet, niet als structureel inkomensmodel voor massale groepen nieuwkomers. 📊 In Antwerpen ging in 2024 bijna 70% van de leefloonuitgaven naar niet-Belgen. OCMW’s kreunen onder de druk, terwijl de werkende Vlaming de factuur betaalt. 🤝 Solidariteit heeft draagvlak nodig. Zonder voorwaarden, zonder wederkerigheid en zonder controle brokkelt dat draagvlak af. ❗Deze regering blijft rechten uitbreiden, maar weigert de fundamentele vraag te beantwoorden: hoe beschermen we onze sociale zekerheid tegen overbelasting? #migratiepact @Vlaams Belang",ellen_samyn,22049,340
ellen_samyn,7656872338188668193,https://www.tiktok.com/@ellen_samyn/video/7656872338188668193,1782754518,2026-06-29 10:35:18,Nog geen Leeuwenvlag? Vraag via deze link aan 👉🏻 https://leeuwenvlag.vlaanderen @Vlaams Belang #11juli #VlaamseFeestdag,ellen_samyn,627,30
ellen_samyn,7655345944455662880,https://www.tiktok.com/@ellen_samyn/video/7655345944455662880,1782399129,2026-06-25 07:52:09,Hang jij op 11 juli ook de Vlaamse Leeuw uit? 💛🖤 Nog geen vlag? Geen probleem! Bestel de jouwe hier 👉 www.leeuwenvlag.vlaanderen #11juli #VlaamseFeestdag #VlaamseLeeuw #Vlaanderen 💛🦁 @Vlaams Belang,ellen_samyn,950,26
ellen_samyn,7650145728064474401,https://www.tiktok.com/@ellen_samyn/video/7650145728064474401,1781188358,2026-06-11 07:32:38,"Zolang asiel na illegale binnenkomst mogelijk blijft, blijft illegale migratie aantrekkelijk. Zolang ngo’s en smokkelnetwerken weten dat aankomst op Europees grondgebied toegang geeft tot procedures, blijft het systeem functioneren als magneet. Zolang terugkeerpercentages laag blijven, blijft het risico voor wie illegaal binnenkomt beperkt. #migratiepact @Vlaams Belang",ellen_samyn,1463,69
ellen_samyn,7647595333144317216,https://www.tiktok.com/@ellen_samyn/video/7647595333144317216,1780594547,2026-06-04 10:35:47,"💸 Slechts 14% van de leeflonen gaat naar Vlamingen. 📋 Controle op buitenlandse eigendommen? Vaak onmogelijk. Men moet het gewoon zelf aangeven. ⚖️ Wie sociale steun krijgt, moet er ook recht op hebben. Daarom pleiten wij voor strengere controles en harde sancties bij fraude. 🚫 Sociale bijstand voor wie ze nodig heeft, niet voor wie het systeem misbruikt. Genoeg is genoeg. #leefloon #fraudebestrijding #socialezekerheid @Vlaams Belang",ellen_samyn,2886,98
zegmaarfranky,7661570568814202145,https://www.tiktok.com/@zegmaarfranky/video/7661570568814202145,1783848411,2026-07-12 02:26:51,"🌵🎶 Opnieuw trouw op post op onze Brugse trots: het Cactusfestival in het idyllische Minnewaterpark! Samen met Veerle genoten van een fantastische sfeer, heerlijke muziek en topoptredens van onder meer Madness, GOOSE, Kevin Morby en vele anderen. ☀️🍻 Wat blijft dit toch een uniek festival. Een absolute voltreffer! ❤️ Was jij er ook bij? 👇 #foryoupagе #fyp #foryoupage #frankyinbrugge",zegmaarfranky,941,8
zegmaarfranky,7661243114501197088,https://www.tiktok.com/@zegmaarfranky/video/7661243114501197088,1783772169,2026-07-11 05:16:09,Geniet van een zonovergoten Vlaamse feestdag!,zegmaarfranky,310,4
zegmaarfranky,7659011066109676832,https://www.tiktok.com/@zegmaarfranky/video/7659011066109676832,1783252479,2026-07-05 04:54:39,"🚜☀️ De tractor op Kinderboerderij Zeven Torentjes is helemaal zomerklaar! 💨 De banden werden opgepompt, hij kreeg een nieuwe nummerplaat én staat te blinken op de verharding die werd heraangelegd 😊. Klaar voor een zomer vol speelplezier en gezellige bezoekjes! 🌻🐑",zegmaarfranky,1955,14
zegmaarfranky,7658236241783033120,https://www.tiktok.com/@zegmaarfranky/video/7658236241783033120,1783072077,2026-07-03 02:47:57,Gisteren heeft de Kamer met een tweederdemeerderheid een nieuwe stap gezet richting de afschaffing van de Senaat. Daarmee is fase 4 van het grondwettelijke traject afgerond en zijn we halfweg. Voor @cdenv is de richting duidelijk: minder logge politieke structuren en een efficiëntere overheid. Maar hervormen doe je doordacht. Daarom blijven we erop toezien dat de deelstaten ook na de afschaffing van de Senaat hun noodzakelijke inspraak behouden. #frankyinbrussel #foryoupagе #fyp,zegmaarfranky,1001,19
zegmaarfranky,7655328784010300704,https://www.tiktok.com/@zegmaarfranky/video/7655328784010300704,1782395131,2026-06-25 06:45:31,"Meer dan 16.900 brandweerlieden zetten zich elke dag in voor onze veiligheid. Drie op vier doen dat als vrijwilliger. 🚒 Het is dus essentieel dat noodzakelijke hervormingen niet alleen goed doordacht zijn, maar ook kunnen rekenen op voldoende draagvlak bij iedereen op het terrein. Daarom vroeg ik vandaag aan de minister hoe hij het overleg met de brandweervakbonden opnieuw op gang zal trekken. Goed beleid maak je samen. #frankyinbrussel #foryoupagе #foryoupage @cdenv",zegmaarfranky,893,63
